0,119.075606234023,136.143306849804,169.475661969499
1e-10,117.877054595031,135.786597276756,168.736480939956
2e-10,117.422314744686,135.207248326412,167.579831722078
3e-10,118.456743159687,135.454789505576,167.72298590235
4e-10,117.123866056411,134.892549831338,166.841241903793
5e-10,117.204948700983,134.966662550424,167.466414543335
6e-10,116.649046288429,134.692241795881,167.523132730975
7e-10,116.756156154611,134.305621624711,167.278211372551
8e-10,115.754049605187,135.369863706809,166.88618876348
9e-10,115.823141038395,133.749766354936,167.047897322894
1e-09,115.403639457341,133.154046127033,166.460205454637
1.1e-09,116.068945028375,133.764718816286,167.04191090861
1.2e-09,115.043470045023,133.210359957475,166.138496441975
1.3e-09,113.912246927185,133.394152795391,165.927695096388
1.4e-09,114.564392373896,132.984961555809,165.360212868755
1.5e-09,115,132.51415018782,166.523271646938
1.6e-09,113.991227732664,132.574507353412,164.32589570728
1.7e-09,112.969022302576,132.589592351738,165.311826558175
1.8e-09,114.498908291739,131.757352736005,164.839315698652
1.9e-09,113.498898673071,131.689027637081,165.740761431822
2e-09,113.885907820063,132.015150645674,164.830215676617
2.1e-09,113.463650567043,132.533014754815,165.650233926789
2.2e-09,112.747505515643,132.977441695951,164.566096143768
2.3e-09,113.340195870662,132.268665979513,164.344151097628
2.4e-09,113.670576667843,131.514257782189,163.737594949969
2.5e-09,113.079617968934,131.297372403259,163.309522073883
2.6e-09,112.387721749309,130.640728718115,164.07924914504
2.7e-09,112.1739720256,131.11826722467,163.517583152394
2.8e-09,112.182886395386,131.403957322449,163.382985650281
2.9e-09,112.276444546485,130.01538370516,163.37992532744
3e-09,113.185688141213,130.594793158073,163.407466169695
3.1e-09,111.454026396537,128.8332255282,163.373804509781
3.2e-09,111.054040899015,130.038455850568,163.064404454191
3.3e-09,111.332834330219,129.568514693964,163.783393541592
3.4e-09,111.38671374989,129.607098571027,162.950912854148
3.5e-09,111.525781772647,128.883668476654,163.557329398593
3.6e-09,111.44505372604,128.949602558519,163.137978410914
3.7e-09,111.013512691023,128.611819052527,161.935172214068
3.8e-09,109.968177215047,128.953479984062,162.674521668269
3.9e-09,110.954945811352,128.965111561228,162.594587855808
4e-09,110.208892563168,129.147202834595,161.353648858648
4.1e-09,110.272390016722,127.745841419594,161.922821121669
4.2e-09,109.92724866929,128.972865363223,161.996913550845
4.3e-09,110.869292412282,129.510617325376,162.012345208629
4.4e-09,109.818031306339,128.304325725986,161.731258574216
4.5e-09,109.676797910953,128.73616430514,162.166581020875
4.6e-09,110.761003968003,128.464002740067,160.533485603472
4.7e-09,109.612955438671,128.436754864019,161.471359689575
4.8e-09,110.440028975005,127.843654515975,160.695363965486
4.9e-09,109.512556357707,127.530388535439,160.791790835229
5e-09,108.595580020551,127.726269811656,160.816665803019
5.1e-09,109.320629343231,127.968746184371,161.845605439258
5.2e-09,108.143423285931,127.534309109353,161.186227699515
5.3e-09,108.99541274751,127.267434954901,160.405735558302
5.4e-09,108.848518593502,127.644036288422,161.03726276859
5.5e-09,108.88526071053,126.885775404495,159.784229509673
5.6e-09,108.678424721745,126.933053220979,160.857079421454
5.7e-09,107.953693776545,127.59702190882,159.533695500355
5.8e-09,108.63701026814,127,159.959369841219
5.9e-09,107.172757732551,126.538531681065,160.996894379985
6e-09,107.893465974544,127.620531263586,159.85931314753
6.1e-09,108.055541273921,125.964280651302,159.965621306579
6.2e-09,107.712580509428,125.323581180878,159.405144208084
6.3e-09,107.568582773968,125.964280651302,159.934361536225
6.4e-09,107.200746266059,126.313103041608,159.796745899283
6.5e-09,107.717222392707,125.542821379799,159.83428918727
6.6e-09,107.949062061696,125.690095075149,159.749804381727
6.7e-09,107.154094648781,125.646329035113,158.129693606229
6.8e-09,106.925207505059,125.463141997959,159.474135833997
6.9e-09,107.62899237659,124.947989179498,158.688373865258
7e-09,106.292050502378,125.319591445233,159.207411887764
7.1e-09,106.094297678999,125.749751490808,158.946531890444
7.2e-09,106.737996983267,125.646329035113,159.235674394904
7.3e-09,106.174384858119,125.155902777296,158.90877886385
7.4e-09,106.57391800999,124.177292610203,158.294030209607
7.5e-09,105.351791631657,125.634390196315,157.905034751904
7.6e-09,105.555672514555,125.359483087639,157.822685314881
7.7e-09,106.080158370923,124.591331961738,157.791001010831
7.8e-09,104.76640682967,125.127934531023,157.670542588018
7.9e-09,106.343782140753,124.024191188655,158.363505897034
8e-09,106.798876398584,124.895956699967,157.359461107364
8.1e-09,105.692951515226,123.231489482194,157.920866259022
8.2e-09,104.814121186031,124.265844060224,158.041133886087
8.3e-09,105.655099261702,124.619420637395,157.168699173849
8.4e-09,105.617233442275,123.765908068418,156.678013773471
8.5e-09,105.806427025961,124.16118556135,157.283184097983
8.6e-09,104.575331699211,123.377469580147,156.607790355397
8.7e-09,105.176042899512,124.354332453679,156.936292806986
8.8e-09,104.914250700274,124.418648119966,156.894869259641
8.9e-09,104.670912865036,124.128965193463,156.869372409021
9e-09,104.632690876227,123.442294210696,157.225952056268
9.1e-09,104.919016388832,123.70529495539,155.479902238199
9.2e-09,104.804580052591,123.012194517454,156.323382767902
9.3e-09,105.166534601079,123.028451993838,156.432093893804
9.4e-09,104.268883181897,123.125951772971,156.550311401798
9.5e-09,104.455732250557,122.82100797502,157
9.6e-09,103.923048454133,122.122888927506,157.365815855922
9.7e-09,104.091306073082,122.556109598828,156.278597383007
9.8e-09,103.571231526906,122.816936942752,156.569473397594
9.9e-09,103.310212467113,122.511223975602,155.492765105004
1e-08,103.271486868351,122.065556157337,156.02884348735
1.01e-08,104.235310715707,121.605920908482,155.27717153529
1.02e-08,104.134528375559,122.804723036209,155.283611498445
1.03e-08,103.455304358936,122.649908275547,156.13135495473
1.04e-08,102.800778207171,122.237473795886,156.265799201233
1.05e-08,102.440226473783,121.733315078494,155.499196139401
1.06e-08,102.873708983394,122.609135059342,156.310588253004
1.07e-08,103.038827633082,121.909802723161,155.322245670091
1.08e-08,102.99514551667,122.192471126498,155.576347816755
1.09e-08,103.237590053236,121.63880959628,155.557063484755
1.1e-08,103.213371226794,120.743529847359,154.531550176655
1.11e-08,102.970869667105,121.330128162794,154.925788686067
1.12e-08,102.039208150593,121.4907403879,155.701637756319
1.13e-08,101.975487250613,121.276543486364,155.518487646968
1.14e-08,102.513413756445,120.838735511424,154.861228201251
1.15e-08,102.371871136558,121.827747249959,154.249797406674
1.16e-08,103.092191750879,121.095004025765,154.379402771225
1.17e-08,102.279030108816,121.383689184338,153.948043183407
1.18e-08,102.068604379603,121.716884613434,154.515371403624
1.19e-08,102.19589032833,121.037184369102,153.902566580288
1.2e-08,102.489023802552,120.137421314093,155.919851205676
1.21e-08,102.825094213426,121.766169357503,153.622914957372
1.22e-08,102.771591405407,120.39102956616,154.262762843144
1.23e-08,101.518471225684,121.008264180592,154.841854806767
1.24e-08,101.054440773278,120.702112657567,154.304892987876
1.25e-08,101.931349446576,119.778963094527,154.709405014692
1.26e-08,102.249694376071,120.420097990327,152.928087675221
1.27e-08,101.365674663566,121.330128162794,154.790180567115
1.28e-08,101.064335944981,120.565334984812,153.557806704837
1.29e-08,101.67595585978,119.620232402382,153.068612066615
1.3e-08,100.915806492343,119.607692060335,153.544781741354
1.31e-08,101.370607179793,120.108284476967,153.866825534291
1.32e-08,101.75460677532,119.544970617755,153.280788098183
1.33e-08,100.762096048068,120.395182627878,153.022874107109
1.34e-08,101.197826063607,119.691269522885,153.254689977175
1.35e-08,100.553468363851,119.503138034112,153.05227865014
1.36e-08,100.796825346833,119.624412224261,152.699050422719
1.37e-08,99.5489829179585,118.962178863704,153.140458403389
1.38e-08,101.054440773278,119.682914403017,152.862683477689
1.39e-08,101.10885223362,119.012604374495,153.264477293338
1.4e-08,100.781942827076,119.033608699392,152.410629550566
1.41e-08,100.324473584465,118.869676536954,152.869225156668
1.42e-08,99.9199679743744,119.687092035858,152.568017618372
1.43e-08,100.294566153905,119.285372112426,153.133928311136
1.44e-08,99.8048095033501,118.911731969558,152.96731677061
1.45e-08,100.553468363851,118.709730014014,153.124132650605
1.46e-08,100.637965003273,119.356608530906,153.150253019706
1.47e-08,100.039992003198,119.285372112426,152.436872179929
1.48e-08,100.099950049938,118.566437072217,151.611345221919
1.49e-08,100.374299499424,118.101651131557,152.495901584272
1.5e-08,99.2118944481961,118.27933040054,152.807067899361
1.51e-08,99.1009586230123,118.532695911297,152.800523559312
1.52e-08,99.7847683767418,118.008474271978,151.97039185315
1.53e-08,99.5791142760368,118.448300958688,151.41334155219
1.54e-08,98.4631910918999,118.490505948789,152.57129481
1.55e-08,99.8348636499294,118.211674550359,152.718695646604
1.56e-08,99.0302983939764,117.243336697656,151.555270446131
1.57e-08,99.8198377077422,117.898261225516,151.476070717457
1.58e-08,98.2954729374654,118.747631555328,151.314242555022
1.59e-08,99.267315869827,118.359621493143,150.840975865313
1.6e-08,99.1665266105454,117.307288776103,151.221691565727
1.61e-08,100.159872204391,118.806565475145,151.234916603277
1.62e-08,99.3881280636677,117.183616602322,151.548672049609
1.63e-08,99.0151503558925,118.258192105241,150.990065898389
1.64e-08,99.2572415494205,117.720006795786,151.753088930671
1.65e-08,99.3076029314976,117.439346047226,151.720137094586
1.66e-08,98.3768265395871,117.690271475598,150.462619942629
1.67e-08,98.0612053770501,117.940663047144,151.611345221919
1.68e-08,99.1261822123701,117.401022142058,151.049660707994
1.69e-08,98.3920728514244,119.088202606304,151.274584778805
1.7e-08,97.041228351665,117.281712129385,150.950322954275
1.71e-08,97.5961064797157,116.743308159397,151.363800163712
1.72e-08,98.8736567544662,117.724254085554,150.266430050095
1.73e-08,98.1580358401695,117.460631702711,149.873279806642
1.74e-08,97.933651009242,116.580444329227,149.856598119669
1.75e-08,98.2751240141675,117.085438889727,150.089973016188
1.76e-08,98.1070843517429,117.906742809731,149.92331373072
1.77e-08,97.5961064797157,117.392504019635,149.889959637062
1.78e-08,97.6473245921259,116.430236622623,149.843251432956
1.79e-08,98.4936546179499,116.314229568011,150.42606157179
1.8e-08,97.2830920561225,117.012819810481,149.274914168456
1.81e-08,98.0612053770501,115.67194992737,150.2597750564
1.82e-08,97.544861474093,116.086174887452,150.159914757568
1.83e-08,98.1885940422817,115.991378989992,150.485879736273
1.84e-08,97.5551126287085,116.348614087148,149.649590711101
1.85e-08,97.5089739459912,117.281712129385,150.62204353945
1.86e-08,98.0051019080129,115.329961415063,149.662954668148
1.87e-08,97.6319619796714,116.413057686842,150.336289697465
1.88e-08,97.9285453787607,117.170815478941,149.010066774027
1.89e-08,96.3016095400279,116.142154276559,148.899294827074
1.9e-08,96.5453261426984,116.931603940081,150.266430050095
1.91e-08,96.9071720771997,115.02608399837,149.127462259639
1.92e-08,97.3190628808149,116.249731182485,149.442296556229
1.93e-08,97.0051545022222,115.160757204874,148.553020837679
1.94e-08,96.7419247275968,116.10770861575,149.254815667703
1.95e-08,96.2912249376858,114.791114638721,148.946299047677
1.96e-08,96.7212489580237,115.572488075666,148.899294827074
1.97e-08,96.7677632272236,115.060853464591,149.79319076647
1.98e-08,96.6747123088556,115.498917743847,149.284962404122
1.99e-08,96.3016095400279,116.00862036935,148.986576576549
2e-08,97.1493695296063,115.225865151883,149.013422214242
2.01e-08,96.4624279188535,115.407971995006,149.472405480075
2.02e-08,96.4520606311757,115.212846505934,148.774997899513
2.03e-08,95.6294933584823,114.886900906935,148.354305633507
2.04e-08,97.257390464684,114.947814246292,148.087811787466
2.05e-08,97.041228351665,115.060853464591,148.586675041876
2.06e-08,96.2081077664456,115.143388867968,148.701042363529
2.07e-08,95.9062041788747,115.823141038395,148.798521498031
2.08e-08,96.34832639958,114.507641666397,147.918896696805
2.09e-08,94.8788701450434,114.79982578384,148.131698160792
2.1e-08,96.2392851178769,114.952163963972,148.016890928029
2.11e-08,96.3846460801719,114.262854856686,147.651616990807
2.12e-08,96.0728889958036,115.658981493008,147.627910640231
2.13e-08,95.6765383989199,114.7170431976,148.751470580966
2.14e-08,95.3205119583398,114.402797168601,147.807306991231
2.15e-08,95.4777460982401,114.943464364008,147.441513828365
2.16e-08,96.6591951135535,114.004385880544,147.173367155882
2.17e-08,95.1525091629222,114.891252930761,147.580486514986
2.18e-08,95.2522965602405,113.525327570547,147.343136928735
2.19e-08,94.8525170989152,114.162165361384,147.173367155882
2.2e-08,96.5505049184105,113.617780298684,147.966212359444
2.21e-08,95.5143968205841,113.903467901553,147.644844136191
2.22e-08,95.3152663532973,114.144645078076,147.841130948055
2.23e-08,95.1735257306358,113.872735981885,147.87832836491
2.24e-08,95.5667306126981,113.181270535367,147.241298554448
2.25e-08,95.5719624157629,114.642923898512,147.251485561267
2.26e-08,93.8562730988185,113.564959384486,146.860478005487
2.27e-08,94.7100839404126,113.964906879267,146.437700063884
2.28e-08,95.430603057929,112.969022302576,147.139389695622
2.29e-08,94.6889645101265,113.648581161403,147.210733304335
2.3e-08,94.7892398956759,114.38531374263,147.377067415524
2.31e-08,94.0903820802105,113.806853923654,146
2.32e-08,94.1328847959097,113.38871196023,147.539825132064
2.33e-08,94.0584924395453,114.424647694454,146.628782986152
2.34e-08,95.1525091629222,113.36225121265,147.186955943793
2.35e-08,94.4192776926407,113.145923479372,147.1665722914
2.36e-08,94.7259204230817,113.190105574648,147.231110842783
2.37e-08,94.3874991722951,113.344607282393,147.624523707953
2.38e-08,94.9894731009705,113.256346400544,146.707191371112
2.39e-08,94.8208837756746,114.122740941497,147.217526130553
2.4e-08,95.3729521405309,113.459243783836,146.482080815368
2.41e-08,94.3663075467086,113.243101335137,147.098606383609
2.42e-08,94.5674362558275,113.026545554573,146.751490622753
2.43e-08,93.8243038876388,113.318136235997,145.890369798695
2.44e-08,94.3345111822815,112.583302491977,145.461335068808
2.45e-08,93.680307429043,112.946890174099,145.588461081227
2.46e-08,94.0638081304388,112.16059914248,145.588461081227
2.47e-08,94.5727233402951,112.734200666878,146.242948547956
2.48e-08,93.706990134141,111.821285987955,145.296249091296
2.49e-08,93.0537479094743,112.845026474364,146.201915172134
2.5e-08,93.6322593981369,111.413643688733,145.099965541002
2.51e-08,93.7283308290508,112.151683001193,145.251506016289
2.52e-08,94.2390577202468,111.67810886651,145.385693931693
2.53e-08,93.5253976201117,112.378823627942,145.502577296761
2.54e-08,93.6162379077476,111.906210730236,146.376227578115
2.55e-08,93.4451710897893,113.039815994189,146.516210707212
2.56e-08,93.8562730988185,112.142766151009,145.663996924429
2.57e-08,94.0372266711434,112.231902772786,146.030818665102
2.58e-08,92.5850959928216,112.627705294923,144.830935921853
2.59e-08,93.4612219051303,112.249721603218,146.143764834494
2.6e-08,92.5796953980731,112.07586716149,145.165422880244
2.61e-08,94.2814934120159,112.814006222632,146.48890742988
2.62e-08,92.9892466901415,112.116011345392,144.443760682142
2.63e-08,93.6002136749698,111.99553562531,146.177973716973
2.64e-08,94.1063228481487,111.772089539384,143.854092746783
2.65e-08,93.5360892917809,111.552678139075,145.234293470929
2.66e-08,93.1772504423692,111.323851891677,145.516322108552
2.67e-08,93.0053761886914,111.427106217473,144.637477854116
2.68e-08,91.9510739469638,111.610931364271,144.696233537712
2.69e-08,92.4986486387774,111.48990985735,144.699689011414
2.7e-08,92.8116372013769,111.454026396537,145.917785070909
2.71e-08,92.9462210097861,112.489999555516,145.058608844839
2.72e-08,93.0913529818962,110.440028975005,144.166570327521
2.73e-08,93.3273807625608,110.842230219353,144.308696896618
2.74e-08,92.4986486387774,110.806137014156,144.294837052474
2.75e-08,92.1845974119321,110.616454472199,144.519894824208
2.76e-08,93.1772504423692,111.157545852722,144.931018074117
2.77e-08,92.6012958872607,111.570605447851,145.155089473294
2.78e-08,92.5850959928216,110.471715837132,143.892320851392
2.79e-08,92.9892466901415,110.833208019979,144.727329830962
2.8e-08,92.7685291464729,111.22499719038,143.989582956546
2.81e-08,91.5914843203231,110.959452053442,144.17350658148
2.82e-08,92.5904962725657,111.180034178804,144.658217879248
2.83e-08,92.4229408750879,110.467189699023,144.138821973818
2.84e-08,91.9021218471043,110.882821031934,144.225517853118
2.85e-08,91.6842407396168,110.747460467498,143.871470417175
2.86e-08,92.1303424502482,111.404667765763,143.673240375513
2.87e-08,92.0651942918712,110.702303499069,144.326019830105
2.88e-08,91.5751057875447,110.544108843484,144.287906631152
2.89e-08,90.8129946648606,110.281458096998,143.690639917846
2.9e-08,92.8493403315285,110.227038425243,142.772546380598
2.91e-08,93.1772504423692,109.763381872098,143.384099536873
2.92e-08,91.5423399307665,111.103555298649,143.045447323569
2.93e-08,92.2388204608016,110.742945599257,143.345735897515
2.94e-08,91.0054943396276,110.462663375459,143.33875958721
2.95e-08,91.7877987534291,110.045445157898,143.871470417175
2.96e-08,91.0549284772658,110.49886877249,143.641915888086
2.97e-08,92.9569792968769,110.580287574233,143.732390225725
2.98e-08,91.8150314491042,110.489818535465,143.801947135635
2.99e-08,91.5150260886156,110.575765880233,142.790055676157
3e-08,91.186621825792,110.031813581346,143.268977800499
3.01e-08,91.4166286842826,110.158976030099,143.265487818944
3.02e-08,91.71150418568,110.104495821015,143.24803663576
3.03e-08,90.6200860736735,109.836241741968,142.965030689326
3.04e-08,91.7442096265481,110.331319216259,143.954854034173
3.05e-08,91.0604195026577,110.249716552924,143.031465069753
3.06e-08,90.9010450985026,110.367567699936,142.93005282305
3.07e-08,91.1811384004389,110.258786497948,142.702487714826
3.08e-08,90.9230443836985,110.204355630801,142.656931131999
3.09e-08,90.6807587087801,108.949529599719,143.202653606698
3.1e-08,90.598013223249,108.853112036358,143.380612357459
3.11e-08,90.7193474403338,110.186206033242,142.302494707577
3.12e-08,91.427566958768,109.055031979272,142.365726212456
3.13e-08,91.323600454647,110.526015037185,142.274382796061
3.14e-08,90.27181176868,109.603832049797,141.968306322221
3.15e-08,90.9945053286186,108.351280564652,142.26735395023
3.16e-08,91.2688336728371,110.113577727726,142.161879559888
3.17e-08,90.1110426085505,110.263321190684,141.770942015633
3.18e-08,90.9230443836985,109.704147597071,142.972025235708
3.19e-08,91.0823802938856,109.114618635635,141.725085993976
3.2e-08,90.746900773525,109.357212839392,142.221657984992
3.21e-08,90.7248587764125,109.009173925867,142.235719845614
3.22e-08,90.3659227806589,109.160432391962,142.734018369834
3.23e-08,91.2962211704296,109.12378292563,141.739197119216
3.24e-08,90.0888450364417,109.430343141196,142.193530091914
3.25e-08,90.8350152749478,108.245092267502,142.66744548074
3.26e-08,90.3548559846121,108.719823399415,141.424891727022
3.27e-08,89.2580528579915,109.12378292563,141.191359509001
3.28e-08,90.160967164289,108.706025591961,141.583897389498
3.29e-08,89.291656945092,109.210805326213,141.389532851622
3.3e-08,89.7273648337005,108.586371152185,142.61135999632
3.31e-08,89.1852005660132,108.272803602752,141.350627872677
3.32e-08,89.6102672688794,107.861021689951,141.650979523616
3.33e-08,90.2108640907513,108.770400385399,141.594491418275
3.34e-08,90.37698822156,108.208132781229,141.248008835523
3.35e-08,89.3644224509956,108.3789647487,141.393069137069
3.36e-08,90.5262392900534,108.761206319165,142.646416008254
3.37e-08,90.2828887442133,108.078675047393,141.116972756646
3.38e-08,89.7886407069402,108.494239478417,141.672156756365
3.39e-08,89.7830719011106,107.810018087374,141.598022585063
3.4e-08,90.2884267223657,108.540315090753,141.954217971852
3.41e-08,89.8164795569276,108.194269718872,141.679215130519
3.42e-08,90.0777441991084,108.15729286553,141.816783209887
3.43e-08,89.9166280506559,109.055031979272,141.647449677006
3.44e-08,89.5991071384085,108.618598775716,139.853494772208
3.45e-08,89.8665677546439,107.577878766966,140.556038646513
3.46e-08,89.7385090136893,108.318973407248,141.152399908751
3.47e-08,89.5377015563835,106.971958942519,140.936155758556
3.48e-08,89.4650769853802,107.261363034412,140.385184403483
3.49e-08,89.5879456177002,107.410427799167,141.10634287657
3.5e-08,88.9662857491533,108.189648303338,141.074448430607
3.51e-08,89.5041898460625,107.214737792899,141.862609591111
3.52e-08,89.5153618101385,107.763630228385,140.655607780138
3.53e-08,89.9722179342046,108.018516931126,140.271165960792
3.54e-08,88.6622805932715,107.596468343529,140.413674547745
3.55e-08,89.397986554508,107.107422711967,140.185591271
3.56e-08,89.1178994366452,108.134175911226,140.815482103354
3.57e-08,89.8387444257766,106.962610289764,140.484874630688
3.58e-08,88.8594395660922,107.238052947636,140.299679258365
3.59e-08,88.9156904038877,107.415082739809,140.783521763025
3.6e-08,88.7975224879613,107.721864075962,139.552857369529
3.61e-08,89,108.175782872138,140.13564856952
3.62e-08,88.7130204648675,107.647573126383,140.253342206166
3.63e-08,89.2300397848169,106.925207505059,139.552857369529
3.64e-08,89.0898422941695,107.224064463161,140.370937162933
3.65e-08,87.9829528942965,107.656862298694,140.605832026982
3.66e-08,89.4203556244326,107.721864075962,139.603008563569
3.67e-08,88.5211839053229,107,139.456086278083
3.68e-08,89.0730037665734,106.812920566755,140.046420875365
3.69e-08,88.9213135305591,106.990653797423,139.552857369529
3.7e-08,88.7242920512753,108.124927745641,140.196290963777
3.71e-08,88.6002257333467,107.461621056078,139.996428525873
3.72e-08,87.4814266001647,108.004629530405,138.307628133809
3.73e-08,88.034084308295,106.686456497533,139.513440212762
3.74e-08,88.8144132446981,106.395488626163,139.143810498347
3.75e-08,87.3441469132305,106.728627837146,140.185591271
3.76e-08,89.4203556244326,106.202636502113,139.724729378876
3.77e-08,88.3911760301898,106.32497354808,139.8963902322
3.78e-08,87.6983466206747,106.630202100531,139.817738502666
3.79e-08,88.2779700718135,106.141415102683,138.747972958166
3.8e-08,87.7382470761754,106.780147967682,139.222842953303
3.81e-08,88.6904729945669,106.630202100531,138.931637865534
3.82e-08,87.965902484997,106.658333007787,138.809221595685
3.83e-08,87.9545337091841,106.761416251378,139.219251542306
3.84e-08,88.4364178379021,106.728627837146,139.147403856486
3.85e-08,88.6679197906436,105.768615382825,138.63260799682
3.86e-08,88.068155425216,106.672395679482,139.233616630468
3.87e-08,88.062477821147,106.17909398747,139.452500873953
3.88e-08,87.7781293945138,105.877287460531,138.19189556555
3.89e-08,88.2496458916408,106.066017177982,140.021426931738
3.9e-08,88.9550448260243,106.545764814938,138.665064093304
3.91e-08,87.7496438739212,106.714572575633,139.010790948041
3.92e-08,88.175960442742,106.498826284612,138.596536753268
3.93e-08,88.1646187537835,105.848948979194,139.186924673261
3.94e-08,88.4194548727824,105.033328044007,138.776799213701
3.95e-08,87.6470193446417,106.339080304468,138.704722342103
3.96e-08,87.8464569575803,106.315568003938,138.462991445368
3.97e-08,88.6510011223788,105.285326612971,139.434572470388
3.98e-08,86.8504461704141,105.565145763173,138.376298548559
3.99e-08,87.2926113711808,105.014284742601,138.989208214163
4e-08,88.2723059628556,106.028298109514,138.4304879714
4.01e-08,87.4013729869274,106.906501205493,138.394364047096
4.02e-08,87.2410453857587,106.418983268964,137.371758378496
4.03e-08,86.9597608092387,105.929221652951,138.105032493389
4.04e-08,87.7211491032807,105.408728291352,138.520756567382
4.05e-08,87.0976463516667,105.090437243357,137.967387450803
4.06e-08,88.2496458916408,105.81115253129,138.665064093304
4.07e-08,87.5271386485357,105.617233442275,138.224455144522
4.08e-08,87.0114934936759,106.136704301575,138.314858204027
4.09e-08,87.2868833216079,105.67402708329,138.802017276407
4.1e-08,87.4013729869274,105.004761796787,137.669895038821
4.11e-08,87.4070935336486,105.076162853427,137.956514887844
4.12e-08,87.0976463516667,104.379116685283,138.184659061706
4.13e-08,86.4638652848691,105.252078364277,138.19913169047
4.14e-08,86.6429454716309,104.857045542968,137.491817938378
4.15e-08,88.102213366067,104.942841585313,138.032604843928
4.16e-08,86.6833317310773,106.390789074995,137.702578044131
4.17e-08,87.1033868457478,105.038088329901,137.429982172741
4.18e-08,86.8446889567808,105.019045891686,137.204227340122
4.19e-08,86.3365507765975,105.195056918089,136.484431346583
4.2e-08,87.4242529278918,104.043260233424,136.447792213725
4.21e-08,87.5728268357257,105.437185091409,137.26252219743
4.22e-08,87.2525071273026,105.347045520983,136.802777749576
4.23e-08,86.9022439296017,105.061886524086,137.582702401138
4.24e-08,86.9655104049876,104.651803615609,137.840487520902
4.25e-08,86.3712915267567,105.19980988576,137.528178930719
4.26e-08,87.1435597161374,104.249700239377,137.549990912395
4.27e-08,87.1779788708135,105.45615202538,137.695315824468
4.28e-08,86.6602561731732,104.933312155864,137.306227098409
4.29e-08,87.0804225988827,104.847508315649,137.767920794356
4.3e-08,85.5745289207016,104,137.971011448057
4.31e-08,86.0639297266863,104.388696706109,137.065677687742
4.32e-08,85.6679636737094,105.014284742601,136.348817376609
4.33e-08,86.6429454716309,104.623133197205,137.80420893427
4.34e-08,86.3597128295364,104.03845442912,137.328074332964
4.35e-08,85.7554662980734,104.340787806112,136.729660278961
4.36e-08,85.9302042357633,103.397292034173,138.195513675372
4.37e-08,85.9883713068226,105.223571503727,137.266164804004
4.38e-08,86.3712915267567,103.513284171646,135.672399551272
4.39e-08,86.4580823289529,104.460518857605,136.477104306913
4.4e-08,86,104.942841585313,136.674796506159
4.41e-08,85.6854713472477,105.004761796787,136.202055784779
4.42e-08,85.4166260162505,104.728219692688,135.723984615837
4.43e-08,85.9825563704639,104.546640309481,136.872203167773
4.44e-08,85.609578903298,103.778610512957,136.572325161432
4.45e-08,85.4049178911847,104.240107444304,136.447792213725
4.46e-08,85.4692927313664,104.517941043631,136.817396554678
4.47e-08,85.1058164874763,103.821962994349,136.561341528267
4.48e-08,85.1645466141868,103.377947358225,136.601610532233
4.49e-08,85.609578903298,104.532291661477,136.916032662358
4.5e-08,85.4809920391662,103.701494685467,137.051085366005
4.51e-08,86.3249674196289,103.937481208657,135.672399551272
4.52e-08,86.527452291166,103.508453761033,135.723984615837
4.53e-08,85.0352867931896,103.261803199441,137.105798564466
4.54e-08,85.451740766353,104.608795041335,136.077183980269
4.55e-08,86.104587566517,103.532603560424,135.628168165761
4.56e-08,85.0940655980192,104.369535785113,136.124942607885
4.57e-08,85.3170557391662,103.513284171646,136.799122804205
4.58e-08,84.9588135510378,103.749698794743,135.377250673812
4.59e-08,85.3346354067327,104.225716596241,136.4148085803
4.6e-08,85.6270985144306,103.048532255438,136.5466953097
4.61e-08,85.8778201865883,103.01941564579,135.207248326412
4.62e-08,84.8587060943071,104.436583628535,135.882302011704
4.63e-08,86.5332306111357,103.585713300628,135.657657358514
4.64e-08,86.2844134244419,102.863987867475,136.466113009787
4.65e-08,85.9592926913664,104.067285925982,135.606047062806
4.66e-08,86.1452262171271,102.742396312331,136.499084246012
4.67e-08,85.901105930017,103.571231526906,136.729660278961
4.68e-08,84.2021377400835,103.164916517196,135.55441711726
4.69e-08,84.8763806956918,102.917442642149,135.786597276756
4.7e-08,85.4985379991962,103.111590037202,135.620794865684
4.71e-08,85.5978971704329,102.961157724649,136.469776873856
4.72e-08,84.6817571853584,103.174609279609,134.822105012494
4.73e-08,85.3287759199674,103.218215446693,135.436331905438
4.74e-08,85.842879728024,103.111590037202,135.550728511506
4.75e-08,85.609578903298,103.266645147405,135.53966209195
4.76e-08,84.2199501305955,103.121287811974,136.099228506263
4.77e-08,85.0117638918285,102.454868112745,135.838138974295
4.78e-08,84.6226919921601,102.435345462394,134.499070628759
4.79e-08,84.9234949822486,102.95630140987,135.074053763112
4.8e-08,84.7938677028003,102.200782775867,135.259010790409
4.81e-08,83.9880943943843,102.815368501017,135.403101884706
4.82e-08,85.1175657546666,102.235023353056,135.236829303263
4.83e-08,85.3053339481184,102.571925983673,136.260779390109
4.84e-08,84.4926032265547,103.687029082716,135.070352039224
4.85e-08,84.6758525200662,103.40696301507,134.108165299507
4.86e-08,85.4049178911847,102.966013810383,135.007407204198
4.87e-08,84.1249071321924,102.791050194071,135.007407204198
4.88e-08,84.9234949822486,103.164916517196,134.866600757934
4.89e-08,84.6286003665428,102.912584264511,135.937485632183
4.9e-08,84.2733647127015,102.435345462394,134.707089642676
4.91e-08,84.3919427433686,102.898007755252,134.833230325465
4.92e-08,83.18052656722,102.430464218415,135.709248026802
4.93e-08,85.1645466141868,102.347447452294,134.164078649987
4.94e-08,85.0588031893231,101.602165331257,133.390404452494
4.95e-08,85.1704173994703,102.693719379522,134.130533436649
4.96e-08,84.1367933784025,101.464279428772,134.19761547807
4.97e-08,84.0119039184329,101.862652625975,134.037308239162
4.98e-08,83.9583229942095,102.269252466223,134.521373766402
4.99e-08,83.9106667831927,102.151847756171,134.729358344794
5e-08,84.3326745692321,101.793909444524,134.182711255959
5.01e-08,84.6581360531875,102.596296229445,134.164078649987
5.02e-08,84.5340168216322,101.941159498997,133.753504626982
5.03e-08,84.9176071259665,101.965680500843,134.409821069742
5.04e-08,84.0951841665146,102.849404470809,134.164078649987
5.05e-08,84.4511693228696,102.513413756445,133.566462856512
5.06e-08,83.8391316748927,101.301530097033,133.992537105616
5.07e-08,84.7112743381895,102.259473888731,133.955216397123
5.08e-08,83.7973746605465,101.651364968701,134.342844989973
5.09e-08,83.168503653727,101.877377272876,134.055958465113
5.1e-08,83.660026296912,102.557301056531,133.326666499992
5.11e-08,84.3504593941254,101.612007164508,133.7235955245
5.12e-08,84.4037913840368,101.385403288639,134.439577506031
5.13e-08,84.154619599877,100.42907945411,134.085793430922
5.14e-08,84.4926032265547,103.329569823938,133.577692748453
5.15e-08,83.773504164503,101,133.292910539158
5.16e-08,83.4326075344646,101.985293057382,133.349165726674
5.17e-08,83.7257427557379,100.677703589226,133.93655214317
5.18e-08,83.5284382710463,102,133.697419571209
5.19e-08,83.7436564761773,101.612007164508,133.240384268434
5.2e-08,83.4805366537614,101.926444066297,133.985073795554
5.21e-08,83.468556954101,100.727354775155,133.311664905964
5.22e-08,83.1324244804637,101.454423264834,133.865604245452
5.23e-08,84.6286003665428,101.503694514042,132.887170185838
5.24e-08,84.4926032265547,100.841459727634,132.67629780786
5.25e-08,84.1486779456457,102.09309477139,133.319165913983
5.26e-08,83.7317144217172,101.400197238467,133.176574516692
5.27e-08,82.3407554009556,101.039596198718,133.828248139173
5.28e-08,82.8914953418021,101.23240587875,133.322916259734
5.29e-08,83.1203946092654,101.118742080783,132.845775243325
5.3e-08,84.0654506917081,101.133575038164,133.176574516692
5.31e-08,83.282651254628,101.380471492295,133.364163102387
5.32e-08,83.2045671823368,101.064335944981,133.645052284026
5.33e-08,82.9578206078246,100.816665289028,133.491572767722
5.34e-08,82.7949273808486,100.806745806022,133.319165913983
5.35e-08,83.6420946653059,100.915806492343,133.367912182804
5.36e-08,82.6075057122535,101.360741907308,133.450365304858
5.37e-08,83.2286008533124,101.094015648801,133.086438076913
5.38e-08,83.9702328209229,101.227466628381,133.022554478554
5.39e-08,82.3953882204581,101.424849026262,133.394152795391
5.4e-08,82.7526434623088,100.866248071394,132.988721326284
5.41e-08,84.1249071321924,100.752171192486,133.090194980697
5.42e-08,83.18052656722,101.474134635384,133.266649991661
5.43e-08,82.9216497665115,101.183002525128,132.936074863071
5.44e-08,82.3953882204581,100.672737123811,133.480335630384
5.45e-08,82.6498638837355,101.019800039398,132.385799842732
5.46e-08,83.1564790019395,100.394222941363,132.321577983336
5.47e-08,83.0541991713845,100.234724521994,131.965904687537
5.48e-08,83.1203946092654,101.084123382458,131.350675673938
5.49e-08,84.1486779456457,100.204790304656,132.695139323187
5.5e-08,82.5106053789451,99.6995486449161,132.811897057455
5.51e-08,82.5106053789451,100.563412829915,132.431114168839
5.52e-08,82.5711814133721,100.389242451569,132.007575540194
5.53e-08,83.4146270146909,99.8348636499294,132.193040664023
5.54e-08,82.5469563339558,100.424100693011,131.415372007996
5.55e-08,82.9397371589759,100.059982010792,131.651053926659
5.56e-08,82.9337084664613,99.7496867163,132.393353307483
5.57e-08,82.9337084664613,100.75713374248,133.206606442774
5.58e-08,83.1504660239496,100.259662875954,132.740348048361
5.59e-08,82.0975030070952,100.458946838995,132.291345143966
5.6e-08,81.816868676331,99.7947894431368,131.833227981416
5.61e-08,83.2346081867393,99.6142560078627,132.238421043205
5.62e-08,83.6062198643139,100.189819842138,130.946553982913
5.63e-08,82.5590697622012,100.13990213696,131.844605502083
5.64e-08,82.0548596976437,100.029995501349,132.329135113927
5.65e-08,82.176639016207,99.8699153899712,132.090877807667
5.66e-08,81.9145896650896,100.274622911283,132.242202038532
5.67e-08,82.6619622317303,100.00999950005,131.083942571163
5.68e-08,82.3468275041607,100.289580715047,131.320219311422
5.69e-08,81.6333265278342,101.133575038164,131.362094989384
5.7e-08,81.9573059586514,99.9849988748312,132.204387219184
5.71e-08,82.4803006784044,99.694533450937,131.506653824056
5.72e-08,82.3953882204581,99.2824254337091,131.559872301549
5.73e-08,81.8413098624405,99.4585340732508,132.113587491976
5.74e-08,81.1911325207378,99.694533450937,131.78391404113
5.75e-08,81.6272013485701,99.929975482835,132.098448136229
5.76e-08,82.8673639015988,100.394222941363,130.728726758888
5.77e-08,82.1827232452174,99.7546991374341,131.186889588861
5.78e-08,82.0487659870641,98.1121806912883,130.755497016378
5.79e-08,81.8535277187245,99.5841352826845,131.977270770387
5.8e-08,82.1340367935243,99.0101004948485,131.343062245404
5.81e-08,81.8413098624405,99.9499874937461,131.787708076285
5.82e-08,81.4493707771889,98.6407623652616,131.221187313635
5.83e-08,82.1462111116514,98.701570402907,130.545011394538
5.84e-08,82.4014562978107,100.508706090567,130.96946208945
5.85e-08,81.7679643870385,99.0151503558925,131.384930642749
5.86e-08,81.6823114266486,99.8448796884447,131.582673631447
5.87e-08,82.0304821392633,99.5841352826845,131.749762808136
5.88e-08,81.1048703839665,99.0353472251196,130.824309667584
5.89e-08,82.4317899842045,98.9898984745413,130.571819317952
5.9e-08,82.7647267862342,99.3227063666713,131.282138922246
5.91e-08,81.9695065252927,98.5646995632818,131.041978007049
5.92e-08,81.2834546509928,99.7546991374341,131.030530793399
5.93e-08,81.2526922630875,99.4937183946806,130.617762957417
5.94e-08,80.6597793203031,99.3780659904388,131.263094584883
5.95e-08,82.4135911121461,99.5439601382223,130.988549117852
5.96e-08,81.535268442558,99.2169340384997,131.434394280949
5.97e-08,81.1788149704096,99.8148285576847,130.27662875589
5.98e-08,81.6272013485701,99.5489829179585,131.274521518839
5.99e-08,81.6272013485701,99.2824254337091,130.403220819119
6e-08,82.0426718238747,98.9545350148238,131.259285385835
6.01e-08,81.7924201867141,99.1261822123701,130.157596781748
6.02e-08,81.1911325207378,99.267315869827,130.579477713766
6.03e-08,79.9312204335703,99.3227063666713,130.334185845464
6.04e-08,81.4800589101407,99.7095782761115,130
6.05e-08,80.3741251896405,99.3227063666713,130.847239176071
6.06e-08,81.0185164021164,99.503768772846,130.149913561247
6.07e-08,81.6945530620004,98.9848473252346,130.445390872963
6.08e-08,81,98.9444288477123,130.196006083136
6.09e-08,80.6907677494768,97.9285453787607,130.364872569262
6.1e-08,80.9320702811932,98.9949493661167,129.957685421063
6.11e-08,82.2800097228968,98.1427531710824,128.922457314465
6.12e-08,82.0792300158816,98.254770876533,130.268952555857
6.13e-08,81.6761899209311,98.6052736926378,130.107647738325
6.14e-08,81.706792863262,98.2852990024449,130.188325129406
6.15e-08,80.4425260667515,98.812954616285,130.303491894884
6.16e-08,81.6700679563817,97.948966303887,130.169120762184
6.17e-08,81.1110350075746,97.8468190591805,130.053835006892
6.18e-08,81.2773031048644,98,130.961826499175
6.19e-08,81.3203541556479,99.2622788374315,129.822956367508
6.2e-08,80.0312438988674,98.19877799647,129.707362936728
6.21e-08,80.2122185206219,99.373034571759,129.618671494503
6.22e-08,81.0802072024979,98.0714025595637,129.236217833856
6.23e-08,80.3865660418456,98.8584847142621,130.361037123828
6.24e-08,80.6721761203948,98.9595877113481,129.846062705035
6.25e-08,80.6163755077093,98.1019877474458,130.422390715705
6.26e-08,81.5291358963162,98.3971544304001,129.622528906051
6.27e-08,80.8888125762766,98.0765007532385,128.891427178071
6.28e-08,80.5046582503149,98.3819089060585,129.896112335974
6.29e-08,79.9937497558403,98.3971544304001,129.610956327002
6.3e-08,81.0185164021164,98.0866963456309,129.298105167864
6.31e-08,79.8248081739004,98.4428768372806,130.545011394538
6.32e-08,80.9506022213547,97.4012320250622,130.069212344813
6.33e-08,80.820789404707,97.718984849414,128.848748538742
6.34e-08,81.0185164021164,97.7292177396299,128.319912718175
6.35e-08,80.2807573457052,97.7701385904715,130.053835006892
6.36e-08,81.4063879557372,97.9846926820715,130.272790712412
6.37e-08,80.6225774829855,98.0968908783556,129.711217710728
6.38e-08,81.0617048920142,97.3806962390391,129.572373598696
6.39e-08,81.2773031048644,97.6831612920057,129.811401656403
6.4e-08,79.9124520960282,97.9897953870708,128.693434175952
6.41e-08,81.4370922860093,96.9742233792053,128.716743277633
6.42e-08,80.3056660516554,97.9744864747961,128.98061869909
6.43e-08,79.3536388579629,97.7547952787995,128.972865363223
6.44e-08,80.0187478032492,97.9795897113271,129.197523196074
6.45e-08,80.2309167341368,97.86214794291,128.561269439906
6.46e-08,79.5612971236643,98.4174781225367,129.100735861574
6.47e-08,79.8248081739004,97.3704267218748,129.081369685947
6.48e-08,80.2059848141023,98.2496819333274,128.537932144562
6.49e-08,79.8999374217527,98.5900603509299,128.238059873035
6.5e-08,80.1623352953243,97.7087508875229,128.879788950789
6.51e-08,80.6783738061198,97.9030132324843,129.5646556743
6.52e-08,80.7960395068966,98.0255068846879,128.596267441944
6.53e-08,79.3221280602078,97.2111104761179,128.79829191414
6.54e-08,79.6617850666177,98.6711710683521,128.195163715329
6.55e-08,80.3990049689671,97.1596624119289,128.42507543311
6.56e-08,80.0936951326382,97.2830920561225,128.953479984062
6.57e-08,79.2212092813534,97.2419662491457,128.767231856556
6.58e-08,79.3662396740579,97.8723658649366,128.693434175952
6.59e-08,80.4425260667515,97.7292177396299,128.941847357636
6.6e-08,79.7872170212748,97.7854794946571,127.640119084871
6.61e-08,79.5235814082842,97.8008179924892,128.113231166808
6.62e-08,79.2716847304257,97.1699542039616,128.732280334033
6.63e-08,79.2085853932514,97.8008179924892,128.265349958592
6.64e-08,80.0687204843439,97.0772887960928,128.891427178071
6.65e-08,79.7809501071528,96.7574286553751,127.859297667397
6.66e-08,79.4606821012757,97.1081870904817,129.298105167864
6.67e-08,79.0759128938769,98.0357077803797,128.600155520901
6.68e-08,79.0253124005214,97.2830920561225,128.273146059493
6.69e-08,79.7496081495075,96.850400102426,128.10542533398
6.7e-08,79.7307970611106,97.6729235765982,128.218563398597
6.71e-08,79.6115569499806,96.6074531286277,127.706695204284
6.72e-08,79.1707016515579,97.1545161070755,128.98061869909
6.73e-08,79.6429532350477,97.8365984690801,128.697319319402
6.74e-08,79.7057087039567,96.8194195396771,128.319912718175
6.75e-08,80.156097709407,97.5192288730792,127.902306468648
6.76e-08,79.0632658065678,97.1750996912275,128.070293198696
6.77e-08,79.9249648107523,97.9642792042079,127.683201714243
6.78e-08,79.3914353063352,96.850400102426,127.608777127594
6.79e-08,79.4606821012757,96.2704523724699,127.890578229985
6.8e-08,78.9176786277954,96.571217244063,128.121036524062
6.81e-08,80.4860236314355,97.3498844375277,128.183462271855
6.82e-08,79.3473376995095,96.72641831475,127.322425361756
6.83e-08,79.0316392339169,96.7832630158748,128.152253199076
6.84e-08,78.7718223732319,96.3535157635672,128.05858034509
6.85e-08,79.0822356790702,96.2392851178769,127.917942447492
6.86e-08,79.1391180137863,96.1769203083567,127.937484733756
6.87e-08,79.2716847304257,97.1905345185425,128.171759760097
6.88e-08,79.6617850666177,96.1665222413705,127.886668578081
6.89e-08,79.4166229450737,95.3152663532973,127.620531263586
6.9e-08,78.7654746700609,96.2340895940726,127.60485884166
6.91e-08,79.9749960925288,95.3572231139309,126.459479676298
6.92e-08,79.5047168412038,96.5401470891774,126.775391933924
6.93e-08,79.76841480185,96.3379468330107,127.031492158441
6.94e-08,78.6193360440038,96.6695401871758,127.632284317096
6.95e-08,79.2338311581612,95.4358423235212,127.05510615477
6.96e-08,79.0569415042095,95.9166304662544,128.440647771646
6.97e-08,78.3070878018076,96.3327566303384,127.318498263214
6.98e-08,79.3977329651168,95.9322677726322,127.769323391806
6.99e-08,78.9113426574406,96.260064408871,127.019683514013
7e-08,78.993670632526,95.5039266208463,127.200628929263
7.01e-08,79.1833315793166,96.7884290605029,127.46372032857
7.02e-08,79.1517529812196,96.4053940399602,127.487254264887
7.03e-08,79.0506166958867,95.8175349296777,126.46738710039
7.04e-08,79.1138420252739,96.0468635614927,126.593838712632
7.05e-08,78.6829079279611,95.8592718520227,126.929114075534
7.06e-08,78.2240372264178,95.3414914924242,127.820186199207
7.07e-08,78.2176450681047,95.6974398821619,127.263506159464
7.08e-08,78.5811682275086,96.1925153013476,126.877894055663
7.09e-08,79.724525711979,96.6281532473844,126.324977735996
7.1e-08,78.3070878018076,95.6974398821619,126.570138658374
7.11e-08,79.0885579587844,96.6022774058666,126.873953197652
7.12e-08,79.2148975887743,96.1093127641645,126.1744823647
7.13e-08,78.5684415016615,95.0999474237499,127.573508221731
7.14e-08,78.6193360440038,95.1630180269625,126.233909865773
7.15e-08,78.5047769247197,96.1821189203066,126.364551991451
7.16e-08,78.2879301041993,96.7109094156393,126.692541216916
7.17e-08,79.5047168412038,95.7653381970742,125.522906276106
7.18e-08,79.4040301244213,95.59811713627,126.538531681065
7.19e-08,78.9366834874635,95.5353337776134,126.570138658374
7.2e-08,78.6956161421969,96.2029105588807,126.214103807776
7.21e-08,78.9366834874635,95.8436226360419,126.257673034157
7.22e-08,78.3517708797957,95.6294933584823,126.984250992003
7.23e-08,78.2368199762746,96.0260381354974,126.237870704476
7.24e-08,78.4410606761535,95.8436226360419,127.224211532239
7.25e-08,77.4338427304238,96.0676844729798,126.095202129185
7.26e-08,78.3070878018076,95.603347221737,126.146739949949
7.27e-08,78.8923316932641,96.4365076099295,126.071408336704
7.28e-08,78.5302489490515,95.4515583948214,126.222026603917
7.29e-08,77.9037868142493,95.5458005356593,125.123938556936
7.3e-08,77.884529914483,94.6361453145678,125.367459892908
7.31e-08,78.644770964127,94.7523086789974,126.055543313255
7.32e-08,79.1643859320591,95.0210502993942,125.80540528928
7.33e-08,77.8781098897501,96.0624796681826,126.218065268011
7.34e-08,78.7845162452623,95.9374796416917,126.340808925699
7.35e-08,78.2048591840686,94.7628619238571,126.162593505365
7.36e-08,77.4015503720694,95.6765383989199,125.857061780418
7.37e-08,78.1792811427683,95.2942810456115,125.996031683542
7.38e-08,76.8049477572897,95.1840322743264,126.380378223837
7.39e-08,78.4538080656382,95.4829827770373,125.928551170892
7.4e-08,78.0704809771273,94.5568612000208,126.154666976692
7.41e-08,78.1536947303197,94.9684158023077,125.127934531023
7.42e-08,77.7110030819317,95.5771939324439,125.331560271146
7.43e-08,78.4283112147648,95.0578771065292,125.558751188438
7.44e-08,77.3175271203108,95.7548954362125,126.071408336704
7.45e-08,77.8909494100566,94.5039681706541,127.165246824752
7.46e-08,77.9358710735949,95.4044024141444,126.214103807776
7.47e-08,77.5886589650833,94.8736001214247,124.879942344638
7.48e-08,77.7174369109018,94.3927963353136,125.717938258627
7.49e-08,77.9935894801618,96.1873172512884,125.139921687685
7.5e-08,77.9615289742319,94.841973830156,125.582642112674
7.51e-08,77.175125526299,94.578010129205,125.534855717446
7.52e-08,77.4467559036529,94.9473538335851,125.690095075149
7.53e-08,77.9743547584717,94.0212741883453,125.614489610076
7.54e-08,77.2075125878305,95.4725091322104,125.091966168895
7.55e-08,78.6129760281342,94.2072184070839,125.658266739598
7.56e-08,77.1038261048049,93.8189746266713,124.639480101611
7.57e-08,77.9679421300832,94.7311986623203,124.096736459909
7.58e-08,77.0064932327138,94.4616324229049,125.031995905048
7.59e-08,77.0713954719908,94.1806774237688,124.759769156567
7.6e-08,77.3950902835574,95.1735257306358,124.603370740923
7.61e-08,77.607989279455,94.3504107039286,125.367459892908
7.62e-08,77.2075125878305,94.1859862187576,125.179870586289
7.63e-08,77.0454411370329,94.8314293892062,124.935983607606
7.64e-08,77.3692445355388,94.7892398956759,124.935983607606
7.65e-08,77.0389511870456,94.984209213953,126.039676292825
7.66e-08,76.8374908491942,93.9680796866681,124.50702791409
7.67e-08,78.0320446995976,94.7523086789974,124.627444810523
7.68e-08,77.7303029712351,94.2974018730103,124.060469126954
7.69e-08,77.4725757929863,95.1945376584182,124.551194293752
7.7e-08,77.2334124585985,94.6097246587263,125.223799654858
7.71e-08,77.8331548891602,94.3345111822815,125.37942414926
7.72e-08,78.3134726595622,93.893556754444,124.060469126954
7.73e-08,76.9740215917033,94.4298681562142,125.183864774978
7.74e-08,77.4919350642375,94.8367017562294,124.835892274618
7.75e-08,77.6401957751267,93.7496666660741,124.298028946561
7.76e-08,77.7624588088623,94.0478601564119,124.044346908676
7.77e-08,77.4402995861974,93.9734004918413,125.047990787537
7.78e-08,77.1167945391923,93.9255023941847,124.527105483104
7.79e-08,77.4273853361974,94.4563391202517,124.44275792508
7.8e-08,77.1427248676115,93.5253976201117,124.205474919586
7.81e-08,76.8374908491942,94.9947366963033,123.405834546021
7.82e-08,76.524505878836,93.2845110401507,124.116880399082
7.83e-08,78.0576709875461,93.6589557917448,124.310096130604
7.84e-08,76.7137536560427,93.2362590412121,124.923976881942
7.85e-08,76.3151361133556,93.7763296360014,124.265844060224
7.86e-08,77.1492060879436,94.5039681706541,123.385574521497
7.87e-08,76.6550715869472,93.5414346693485,124.004032192506
7.88e-08,77.0649077077239,93.7763296360014,123.891081196348
7.89e-08,76.9220384545287,92.9247006990068,125.279687100503
7.9e-08,76.8244752666753,94.05317644822,124.410610479975
7.91e-08,77.0843693624071,93.706990134141,125.183864774978
7.92e-08,77.7624588088623,93.6269192059634,123.891081196348
7.93e-08,76.6485485837795,93.4505216678858,124.338248338956
7.94e-08,76.4460594144656,93.9414711402797,123.223374405995
7.95e-08,76.5636989702039,93.2845110401507,124.048377659686
7.96e-08,76.8049477572897,93.118204450043,124.462845861727
7.97e-08,77.110310594628,94.8736001214247,123.935467078637
7.98e-08,75.5976190101249,93.1343116150004,124.165212519449
7.99e-08,75.7891812859857,93.4986630920464,124.755761390006
8e-08,76.9025357189215,93.610896801601,123.563748729148
8.01e-08,76.694197955256,93.552124508212,124.523090228279
8.02e-08,76.9935062196806,93.0913529818962,123.745706996243
8.03e-08,76.3544366752843,92.7092228421747,124.177292610203
8.04e-08,76.5310394545899,92.8977932999487,124.350311620036
8.05e-08,76.6093989011792,92.6390846241477,123.600161812192
8.06e-08,76.6289762426721,92.8331837222014,124.74774547061
8.07e-08,76.4852927038918,93.3916484488843,123.458495049956
8.08e-08,76.0789064064409,93.5414346693485,123.27205684988
8.09e-08,76.4852927038918,93.4879671401619,123.604207048142
8.1e-08,76.7007170761786,93.1665175908169,123.413937624565
8.11e-08,76.4525996941896,93.413061185254,124.024191188655
8.12e-08,76.0131567559196,92.7739187487518,123.63251999373
8.13e-08,77.1427248676115,93.2255329831908,123.895116933639
8.14e-08,75.379042180171,93.7283308290508,122.788435937591
8.15e-08,77.1362431027076,93.4184136024585,123.588025309898
8.16e-08,76.4525996941896,92.5256721132033,123.935467078637
8.17e-08,75.0866166503725,92.7415764368926,122.85357137666
8.18e-08,76.3937170191371,93.552124508212,122.780291578087
8.19e-08,75.1199041532935,93.6536171218176,123.19496742968
8.2e-08,76.8570100901668,94.0744386111339,123.547561691844
8.21e-08,76.4656785754236,92.4175308044962,122.991869649989
8.22e-08,77.1686464828819,92.6822528858681,123.874936932375
8.23e-08,75.5579247994544,93,123.008129812627
8.24e-08,76.0131567559196,92.7038294786143,123.842642090679
8.25e-08,76.0328876210814,93.3541643420367,123.592070943083
8.26e-08,76.0657610229465,92.9731143933557,124.044346908676
8.27e-08,76.2299153875957,93.5147047260483,123.040643691424
8.28e-08,76.6420250254389,93.8616002420585,122.445906424021
8.29e-08,76.9155380921176,91.4931691439312,122.600978788915
8.3e-08,75.385675031799,92.1411959983155,122.702893201424
8.31e-08,76.1774244773345,92.887028157865,122.702893201424
8.32e-08,75.6439025963098,92.9569792968769,122.804723036209
8.33e-08,76.791926658992,92.6390846241477,123.401782807219
8.34e-08,75.5777745107647,92.8977932999487,123.531372533458
8.35e-08,75.1332150250473,92.1520482680662,122.376468326227
8.36e-08,76.7137536560427,92.9946235005014,122.498979587587
8.37e-08,75.8353479585872,92.6984358012583,122.012294462484
8.38e-08,75.7693869580585,93.7816613203242,121.523660247707
8.39e-08,75.4387168501692,92.9569792968769,123.340990753277
8.4e-08,75.0333259292163,92.3904756996088,122.79657975693
8.41e-08,76.1577310586391,92.0108689231875,122.486733975562
8.42e-08,75.385675031799,92.2605007573664,122.18019479441
8.43e-08,75.4983443527075,92.7523584605804,122.539789456323
8.44e-08,76.1051903617618,92.0869154657707,123.482792323465
8.45e-08,75.5049667240507,92.9946235005014,123.207142650092
8.46e-08,75.1664818918645,92.7685291464729,121.938509093723
8.47e-08,75.7495874576225,92.3363417079104,122.135171019653
8.48e-08,75.4917214004291,92.2225568936364,122.61729078723
8.49e-08,75.0599760191808,92.293011653104,122.012294462484
8.5e-08,75.5446887610241,92.1845974119321,122.653984851696
8.51e-08,75.7429864739964,92.0163029033443,122.188379152847
8.52e-08,75.1398695766768,92.3850637278559,122.682517091882
8.53e-08,75.8617163001207,92.633687176966,121.81132952234
8.54e-08,74.5721127500086,91.1482309208467,121.975407357385
8.55e-08,74.6860093993514,92.4608025057105,122.331516789419
8.56e-08,75.0466521571749,92.4012986921721,122.094225907698
8.57e-08,75.7759856418905,91.2743118297805,121.827747249959
8.58e-08,74.899933244296,92.1900211519663,121.786698781107
8.59e-08,75.4519714785505,91.032961063562,121.358971650225
8.6e-08,75.3724087448451,91.9293206762674,122.094225907698
8.61e-08,75.7627876995032,91.9673855233473,122.930874885034
8.62e-08,76.5506368360186,92.4824307639024,122.35603785674
8.63e-08,74.7596147662627,91.8857986851069,122.343777937417
8.64e-08,75.2661942707349,91.6460582894867,121.778487426967
8.65e-08,75.9407663906548,92.1900211519663,123.154374668544
8.66e-08,74.9733285909062,91.2743118297805,120.900785770813
8.67e-08,75.0533143838432,91.6842407396168,121.053707089044
8.68e-08,75.5777745107647,92.1466222929522,121.72920767014
8.69e-08,75.9012516365837,91.2030701237628,121.556571192182
8.7e-08,74.3437959751854,91.5751057875447,121.189933575359
8.71e-08,75.2794792755635,92.3092628071528,121.610032480877
8.72e-08,75.2462623656484,92.3850637278559,121.610032480877
8.73e-08,75.2661942707349,91.8204770190179,121.807224744676
8.74e-08,74.6592258197204,91.2523972287852,121.235308388274
8.75e-08,74.9399759807808,92.8654941299512,121.301277816847
8.76e-08,74.9266307797168,92.1194876234122,120.84287318663
8.77e-08,75.3126815350509,92.6066952223218,121.823643025482
8.78e-08,75.5115885146114,92.2875939658197,121.741529479467
8.79e-08,75.5711585196363,92.0543317829205,121.334249080793
8.8e-08,74.7729897757205,92.6282894152753,121.053707089044
8.81e-08,75.3193202306022,92.4445779913565,121.659360511224
8.82e-08,75.3126815350509,91.2030701237628,121.045446010992
8.83e-08,75.2529069205968,93.0215028904608,121.428991595912
8.84e-08,74.3303437365925,91.6787870774914,120.900785770813
8.85e-08,73.9864852523757,91.5696456256111,121.313643090957
8.86e-08,73.6002717386288,90.7248587764125,121.441343866082
8.87e-08,75.1731334986111,90.7138357694128,120.220630509077
8.88e-08,74.1484996476665,92.1520482680662,121.942609452152
8.89e-08,74.2024258363566,91.5204895091804,121.136286883824
8.9e-08,75.5182097245426,91.5969431804359,120.490663538716
8.91e-08,74.4378935757857,91.438503924769,120.731106182293
8.92e-08,75.538069872085,90.1276871998833,121.23118410706
8.93e-08,74.1080292545956,91.0109883475616,120.395182627878
8.94e-08,75.0399893390184,91.4877040918614,121.028922163258
8.95e-08,75.2861208988748,91.9238815542512,121.247680390183
8.96e-08,73.6206492772238,90.7358804442873,121.679907955258
8.97e-08,75.5248303539968,91.6787870774914,120.253898065718
8.98e-08,74.2024258363566,92.0326029187483,121.235308388274
8.99e-08,73.9256383131049,90.6917857360853,120.942134924103
9e-08,73.8105683489837,91.0109883475616,120.838735511424
9.01e-08,74.5855213831746,91.087869664407,120.399335546339
9.02e-08,74.2428447730823,91.4603739331958,120.432553738597
9.03e-08,74.3841380940856,90.9780193233508,120.523856559604
9.04e-08,74.0067564483136,90.9340420304739,120.718681238655
9.05e-08,73.39618518697,91.1537163257758,120.581922359863
9.06e-08,74.0810367098085,91.2578763723987,120.776653373075
9.07e-08,75.1065909225016,91.1317727249942,121.288911282112
9.08e-08,74.4513263817375,91.9130023446085,120.87596948939
9.09e-08,74.1147758547511,90.9340420304739,121.416638069088
9.1e-08,74.6993975879324,91.465840618233,120.87596948939
9.11e-08,74.5452882481515,91.5368778143541,120.569482042514
9.12e-08,73.3416661932356,90.13323471395,120.942134924103
9.13e-08,73.7495762699692,91.3783344124853,120.262213516965
9.14e-08,74.4043009509531,91.016482023862,120.058319161981
9.15e-08,73.2325064435186,90.5869747811461,120.660681251185
9.16e-08,74.8732261893395,90.4378239455152,120.590215191781
9.17e-08,75.0399893390184,91.8694726228468,121.235308388274
9.18e-08,75.0199973340442,89.3812060782355,121.173429430713
9.19e-08,73.8918128076447,90.5538513813742,120.793211729799
9.2e-08,74.5788173679363,91.1207989429417,120.158229014912
9.21e-08,74.6458304260861,90.7579197646134,120.004166594331
9.22e-08,73.5255057786072,90.7248587764125,119.666202413213
9.23e-08,74.9266307797168,90.4433524367601,120.847010720166
9.24e-08,74.2832417170926,90.3991150399162,120.13325934145
9.25e-08,74.2428447730823,90.8790404878925,121.276543486364
9.26e-08,74.3370701601832,90.851527229871,119.812353286295
9.27e-08,74.2495791233863,90.0777441991084,120.639960212195
9.28e-08,74.4244583453585,90.160967164289,119.293755075444
9.29e-08,74.0877857679658,91.2907443282176,119.540788018149
9.3e-08,73.9594483484024,90.9285433733544,120.635815577299
9.31e-08,74.5117440407886,90.3493220782536,121.066097649177
9.32e-08,73.4370478709486,91.3947482079797,120.049989587671
9.33e-08,73.9932429347437,89.6604706657287,120.074976577137
9.34e-08,73.9188744503053,90.6145683651365,119.180535323517
9.35e-08,73.9594483484024,90.4212364436585,119.590969558742
9.36e-08,74.0337760755184,90.8129946648606,119.895788082818
9.37e-08,74.1215218408257,90.194234849019,119.979164857904
9.38e-08,74.2630459919333,90.3714556704715,119.507321951419
9.39e-08,73.6613874428116,90.4544084055609,120.87596948939
9.4e-08,74.3101608126372,90.4157066001256,120.154067763018
9.41e-08,73.613857391119,90.9780193233508,120.548745327357
9.42e-08,74.3303437365925,90.4765162901402,119.167948711052
9.43e-08,73.6478105580879,90.9285433733544,118.697093477473
9.44e-08,73.0753036257804,90.7248587764125,119.833217431562
9.45e-08,73.8579718107666,90.0777441991084,119.741387999305
9.46e-08,73.7834669827869,90.0832947887676,119.327281038328
9.47e-08,73.6410211770586,89.1066776397819,119.620232402382
9.48e-08,72.8422954058972,90.8074886779719,119.578426147863
9.49e-08,72.9657453878188,90.6145683651365,119.866592510174
9.5e-08,73.6410211770586,88.8763185556197,119.423615755009
9.51e-08,73.1983606373804,90.0666419935816,119.050409491106
9.52e-08,73.4846922834953,89.7162192694275,119.184730565622
9.53e-08,74.4043009509531,90.2828887442133,118.701305805791
9.54e-08,74.598927606233,89.766363410801,118.814982220257
9.55e-08,74.1147758547511,89.4203556244326,118.920141271359
9.56e-08,72.8148336535901,89.397986554508,118.520040499487
9.57e-08,73.143694191639,89.9611027055582,119.620232402382
9.58e-08,74.2159012611179,89.7162192694275,119.737212260851
9.59e-08,73.3893725276351,89.8554394569411,119.674558699834
9.6e-08,73.8308878451289,89.3084542470644,120.220630509077
9.61e-08,74.0202674947882,89.4538987411952,119.167948711052
9.62e-08,72.6360791893395,90.3714556704715,119.511505722253
9.63e-08,73.5051018637482,89.6437393240599,119.348229982686
9.64e-08,73.4846922834953,88.994381845148,118.583304052468
9.65e-08,72.8354309385206,90.6476695784288,118.932754109202
9.66e-08,73.2188500319419,89.6827742657418,118.974787245029
9.67e-08,73.5527021937332,89.7329370966982,118.160907240931
9.68e-08,73.3212111192934,91.5204895091804,119.230868486311
9.69e-08,73.0753036257804,89.766363410801,119.117588961496
9.7e-08,73.2734604068895,90.0444334759234,119.398492452794
9.71e-08,74.5587017054348,90.3161115194847,118.490505948789
9.72e-08,73.4370478709486,89.8999443826302,118.600168633944
9.73e-08,72.4430811050993,89.8331787259028,118.646533872676
9.74e-08,72.6842486375143,88.4872872225158,118.705517984633
9.75e-08,73.4642770331268,89.8832576178679,118.325821357808
9.76e-08,73.1641988953614,89.5209472693403,117.949141582294
9.77e-08,73.4302390027433,90.2274902676562,119.268604418766
9.78e-08,73.1368580129062,88.4137998278549,118.583304052468
9.79e-08,72.4568837309472,89.4203556244326,117.860086543325
9.8e-08,73.143694191639,89.9666604915399,118.165138683116
9.81e-08,73.0273921210391,89.9888882029331,118.338497539896
9.82e-08,73.4438561079142,88.9100669215809,118.802356878978
9.83e-08,73.0205450541147,89.4427190999916,118.215904175369
9.84e-08,72.4844810976805,88.7749964798648,117.889779031093
9.85e-08,72.642962494656,89.0505474435727,117.860086543325
9.86e-08,72.9863000843309,89.5656184034923,117.898261225516
9.87e-08,72.0902212508742,90.1276871998833,118.591736642989
9.88e-08,72.9314746868593,89.2412460692924,118.266647876737
9.89e-08,72.4223722339996,89.5544527089524,118.936958091251
9.9e-08,72.4223722339996,89.6548938987716,119.033608699392
9.91e-08,72.5051722292969,88.8763185556197,118.507383736204
9.92e-08,72.7873615403114,89.0842298052803,118.139747756629
9.93e-08,72.6980054747034,88.9719056781409,118.258192105241
9.94e-08,72.3602100605022,88.9719056781409,119.289563667573
9.95e-08,72.8354309385206,89.4986033410578,117.409539646487
9.96e-08,72.4568837309472,89.5321171423976,118.16936997378
9.97e-08,73.6749618255755,88.3289307078943,117.690271475598
9.98e-08,72.6085394426854,89.2580528579915,118.840228878945
9.99e-08,72.711759709142,88.5098864534352,118.684455595499
1e-07,72.3602100605022,88.5720046064218,118.844436133965
